{"xy_sens": 15.0, "targeting_sens": 50.0, "xy_scale": 0.6666666666666666, "targeting_scale": 1.3333333333333333}